form_record_id;parent_form_id;parent_field_id;parent_record_id;Nome;Città;Indirizzo;Tipo;Attivo dal;...fino al;Organizzazioni;Slug;Eventi;Stato record
rec-fec24c9032b84da89e09692a6d30edff;frm-9821443cdb6d48b18f5a09b454328e37;fld-2205a4389d7c4a6c9d88971242e65eb3;rec-d6eab85b30ac4267a6433774fb481dfd;Banana Moon;Firenze;;;;;;;;
rec-67fb13ca4c774bfe9bb3735f690a3748;frm-9821443cdb6d48b18f5a09b454328e37;fld-2205a4389d7c4a6c9d88971242e65eb3;rec-61c406e9dc594909b21547aab86549ee;Discoteca Y;Certaldo, Firenze;;;;;;;;
rec-aa5758cf06444e4e8372a60e3edf4724;frm-9821443cdb6d48b18f5a09b454328e37;fld-2205a4389d7c4a6c9d88971242e65eb3;rec-755d1ced23f74ed7b105b0f5c630f7de;Teatro Tenda;Firenze;Lungarno Aldo Moro;;;;;;;
rec-fec24c9032b84da89e09692a6d30edff;frm-9821443cdb6d48b18f5a09b454328e37;fld-2205a4389d7c4a6c9d88971242e65eb3;rec-200e9a743cf24182af3e9613f5b5493e;Banana Moon;Firenze;;;;;;;;
rec-c493afae75504855b555bae114a7267d;frm-9821443cdb6d48b18f5a09b454328e37;fld-2205a4389d7c4a6c9d88971242e65eb3;rec-a7924383ec894700a498a74e86eb0b65;Teatro Affratellamento;Firenze;;;;;;;;
rec-aa5758cf06444e4e8372a60e3edf4724;frm-9821443cdb6d48b18f5a09b454328e37;fld-2205a4389d7c4a6c9d88971242e65eb3;rec-cb3b68edab464c64b5eb24044aafb93e;Teatro Tenda;Firenze;Lungarno Aldo Moro;;;;;;;
rec-c493afae75504855b555bae114a7267d;frm-9821443cdb6d48b18f5a09b454328e37;fld-2205a4389d7c4a6c9d88971242e65eb3;rec-df9c4ee510164bfdaa725bf2815f3373;Teatro Affratellamento;Firenze;;;;;;;;
rec-aa5758cf06444e4e8372a60e3edf4724;frm-9821443cdb6d48b18f5a09b454328e37;fld-2205a4389d7c4a6c9d88971242e65eb3;rec-d279a0807b774e2d8e51a156d9562c31;Teatro Tenda;Firenze;Lungarno Aldo Moro;;;;;;;
rec-5baef0fe39834f79901a9387cd323a1c;frm-9821443cdb6d48b18f5a09b454328e37;fld-2205a4389d7c4a6c9d88971242e65eb3;rec-727d4d03c0af49bda529d334d9c36cd9;Stadio Comunale;Firenze;;;;;;;;
rec-cb5afcb14bd74914b8c45e0799af2307;frm-9821443cdb6d48b18f5a09b454328e37;fld-2205a4389d7c4a6c9d88971242e65eb3;rec-9b6df2071aab415dabf0e0b491d9ba6d;Gasoline;Firenze;;;;;;;;
rec-d9abf783143d43a7ac42c5a123870da4;frm-9821443cdb6d48b18f5a09b454328e37;fld-2205a4389d7c4a6c9d88971242e65eb3;rec-336d4fe090154d43b5018b1e1d6cefa8;Parco delle Cascine;Firenze;;;;;;;;
rec-ad5f050d3dcb40cabde1a92befadd9e3;frm-9821443cdb6d48b18f5a09b454328e37;fld-2205a4389d7c4a6c9d88971242e65eb3;rec-fb9bee566cd642baac826ed4781afd88;Piazza Della Signoria;Firenze;;;;;;;;
rec-aa5758cf06444e4e8372a60e3edf4724;frm-9821443cdb6d48b18f5a09b454328e37;fld-2205a4389d7c4a6c9d88971242e65eb3;rec-8bf67ff3dca348cf940154f71d94623f;Teatro Tenda;Firenze;Lungarno Aldo Moro;;;;;;;
rec-84afd0afaf604f3390b422b69b10b318;frm-9821443cdb6d48b18f5a09b454328e37;fld-2205a4389d7c4a6c9d88971242e65eb3;rec-abe61cb5d421481fb74e75d964e6bf80;Piazza dei Priori;Volterra;;;;;;;;
rec-431b2c4343154208a2182d8272bab06a;frm-9821443cdb6d48b18f5a09b454328e37;fld-2205a4389d7c4a6c9d88971242e65eb3;rec-74b123f0e89e40c0a7f7350d586db86b;Chiostro Oblate;Firenze;;;;;;;;
rec-d9abf783143d43a7ac42c5a123870da4;frm-9821443cdb6d48b18f5a09b454328e37;fld-2205a4389d7c4a6c9d88971242e65eb3;rec-ee4d8d7455014e7e827a1ab2e7a1d346;Parco delle Cascine;Firenze;;;;;;;;
rec-2ba43d7583544ff2b6c387c95923aa83;frm-9821443cdb6d48b18f5a09b454328e37;fld-2205a4389d7c4a6c9d88971242e65eb3;rec-d30436137156446ca801cac6b5428ff6;Rokkoteca Brighton;Firenze;;;;;;;;
rec-2f545092f6e549d59bc009fdfe81698b;frm-9821443cdb6d48b18f5a09b454328e37;fld-2205a4389d7c4a6c9d88971242e65eb3;rec-f46f89033e09486f83126631262758e2;Casablanca;Firenze;;;;;;;;
rec-2f545092f6e549d59bc009fdfe81698b;frm-9821443cdb6d48b18f5a09b454328e37;fld-2205a4389d7c4a6c9d88971242e65eb3;rec-da4e9d82b175443094a9ee7e03d71154;Casablanca;Firenze;;;;;;;;
rec-2f545092f6e549d59bc009fdfe81698b;frm-9821443cdb6d48b18f5a09b454328e37;fld-2205a4389d7c4a6c9d88971242e65eb3;rec-1f2c52666fd74a90a42c99ab03c8eb05;Casablanca;Firenze;;;;;;;;
rec-485ba8b155c9464793ff76f97293f1dd;frm-9821443cdb6d48b18f5a09b454328e37;fld-2205a4389d7c4a6c9d88971242e65eb3;rec-95fe6eefd2474453b0b663bfd5d6e922;Auditorium FLOG;Firenze;Via M. Mercati, 24b;;;;;;;
rec-aa5758cf06444e4e8372a60e3edf4724;frm-9821443cdb6d48b18f5a09b454328e37;fld-2205a4389d7c4a6c9d88971242e65eb3;rec-7d04523b72404d078c9844e2500a2a30;Teatro Tenda;Firenze;Lungarno Aldo Moro;;;;;;;
rec-d886ab5457c54a23b1a419b95475dbe4;frm-9821443cdb6d48b18f5a09b454328e37;fld-2205a4389d7c4a6c9d88971242e65eb3;rec-b88d320544d541ad8c6d0b881decb052;Teatro Andromeda;Firenze;Via Aretina, 62r;;;;;;;
rec-2f545092f6e549d59bc009fdfe81698b;frm-9821443cdb6d48b18f5a09b454328e37;fld-2205a4389d7c4a6c9d88971242e65eb3;rec-78af6f1e9ede4139bab07a0413c19586;Casablanca;Firenze;;;;;;;;
rec-2f545092f6e549d59bc009fdfe81698b;frm-9821443cdb6d48b18f5a09b454328e37;fld-2205a4389d7c4a6c9d88971242e65eb3;rec-ca664a1b8eb14a558aba317e7e842ce4;Casablanca;Firenze;;;;;;;;
rec-2f545092f6e549d59bc009fdfe81698b;frm-9821443cdb6d48b18f5a09b454328e37;fld-2205a4389d7c4a6c9d88971242e65eb3;rec-c59c3ba790df4bdfbfcca2771a80deec;Casablanca;Firenze;;;;;;;;
rec-5baef0fe39834f79901a9387cd323a1c;frm-9821443cdb6d48b18f5a09b454328e37;fld-2205a4389d7c4a6c9d88971242e65eb3;rec-69ffb578b6954200ac6321508bf173f3;Stadio Comunale;Firenze;;;;;;;;
rec-c6e42e939ff844dda51a2c73d0494a79;frm-9821443cdb6d48b18f5a09b454328e37;fld-2205a4389d7c4a6c9d88971242e65eb3;rec-5032ddf2953b4f3dae4039b0fbc45d50;Teatro Apollo - Firenze;;;;;;;;;
rec-ad5f050d3dcb40cabde1a92befadd9e3;frm-9821443cdb6d48b18f5a09b454328e37;fld-2205a4389d7c4a6c9d88971242e65eb3;rec-9319ed5ca0584b619279327cd02581d6;Piazza Della Signoria;Firenze;;;;;;;;
rec-6401a4f607694e38800555ec4739fd94;frm-9821443cdb6d48b18f5a09b454328e37;fld-2205a4389d7c4a6c9d88971242e65eb3;rec-00dc11abb2c14fa7bf60c41c2771cbae;Manila;Campi Bisenzio, Firenze;;;;;;;;
rec-5cd0b001c8f8484ea56f36712f018920;frm-9821443cdb6d48b18f5a09b454328e37;fld-2205a4389d7c4a6c9d88971242e65eb3;rec-b1d24f8073d8497eb26334b976a96c4e;Stadio Comunale;Prato;;;;;;;;
rec-c493afae75504855b555bae114a7267d;frm-9821443cdb6d48b18f5a09b454328e37;fld-2205a4389d7c4a6c9d88971242e65eb3;rec-649a1e65df534b6398a0a362ca714034;Teatro Affratellamento;Firenze;;;;;;;;
rec-399a9545502c4c70a035df901a061ecb;frm-9821443cdb6d48b18f5a09b454328e37;fld-2205a4389d7c4a6c9d88971242e65eb3;rec-f2b37c5845154670b9640b886c7fab1b;Loggiato degli Uffizi;Firenze;;;;;;;;
rec-c8935db03982451389d5885fd7902e60;frm-9821443cdb6d48b18f5a09b454328e37;fld-2205a4389d7c4a6c9d88971242e65eb3;rec-b02c902b219f4ed0a4a7522cb5498ff7;Piazzale Poggi;Firenze;;;;;;;;
rec-6401a4f607694e38800555ec4739fd94;frm-9821443cdb6d48b18f5a09b454328e37;fld-2205a4389d7c4a6c9d88971242e65eb3;rec-11d68a1301d848bfb817fbcdaa6e591c;Manila;Campi Bisenzio, Firenze;;;;;;;;
rec-67643c2b117a4640803568513ed51a5d;frm-9821443cdb6d48b18f5a09b454328e37;fld-2205a4389d7c4a6c9d88971242e65eb3;rec-45d126806e244522bae6234a6b6cc89a;Tenax;Firenze;Via Pratese;;;;;;;
rec-67643c2b117a4640803568513ed51a5d;frm-9821443cdb6d48b18f5a09b454328e37;fld-2205a4389d7c4a6c9d88971242e65eb3;rec-74c212b01a7249208577f0ed8405ac75;Tenax;Firenze;Via Pratese;;;;;;;
rec-67643c2b117a4640803568513ed51a5d;frm-9821443cdb6d48b18f5a09b454328e37;fld-2205a4389d7c4a6c9d88971242e65eb3;rec-96028aa01c6f483082ec60b7965e9807;Tenax;Firenze;Via Pratese;;;;;;;
rec-67643c2b117a4640803568513ed51a5d;frm-9821443cdb6d48b18f5a09b454328e37;fld-2205a4389d7c4a6c9d88971242e65eb3;rec-34c503d7699c4f7b80aa16788dfe6353;Tenax;Firenze;Via Pratese;;;;;;;
rec-2f545092f6e549d59bc009fdfe81698b;frm-9821443cdb6d48b18f5a09b454328e37;fld-2205a4389d7c4a6c9d88971242e65eb3;rec-836a9e5726474905860e702b2f974850;Casablanca;Firenze;;;;;;;;
rec-2f545092f6e549d59bc009fdfe81698b;frm-9821443cdb6d48b18f5a09b454328e37;fld-2205a4389d7c4a6c9d88971242e65eb3;rec-661f3bff895d4cc0b7cd373639353855;Casablanca;Firenze;;;;;;;;
rec-2f545092f6e549d59bc009fdfe81698b;frm-9821443cdb6d48b18f5a09b454328e37;fld-2205a4389d7c4a6c9d88971242e65eb3;rec-fe95e6c64bc8409ca081dc0e58a98961;Casablanca;Firenze;;;;;;;;
rec-67643c2b117a4640803568513ed51a5d;frm-9821443cdb6d48b18f5a09b454328e37;fld-2205a4389d7c4a6c9d88971242e65eb3;rec-04c01ed21563429fb5c4739b42d832da;Tenax;Firenze;Via Pratese;;;;;;;
rec-67643c2b117a4640803568513ed51a5d;frm-9821443cdb6d48b18f5a09b454328e37;fld-2205a4389d7c4a6c9d88971242e65eb3;rec-0da89708e5a94d49912b6016f845bbec;Tenax;Firenze;Via Pratese;;;;;;;
rec-67643c2b117a4640803568513ed51a5d;frm-9821443cdb6d48b18f5a09b454328e37;fld-2205a4389d7c4a6c9d88971242e65eb3;rec-2e82068f4ab34a4cba358c5dbb8d2d79;Tenax;Firenze;Via Pratese;;;;;;;
rec-67643c2b117a4640803568513ed51a5d;frm-9821443cdb6d48b18f5a09b454328e37;fld-2205a4389d7c4a6c9d88971242e65eb3;rec-5e2d6da7d22e4dcc9cc48545299cc238;Tenax;Firenze;Via Pratese;;;;;;;
rec-c1dbf978d25b47de8e97097f0f79762f;frm-9821443cdb6d48b18f5a09b454328e37;fld-2205a4389d7c4a6c9d88971242e65eb3;rec-af6fbdf7a1ba48be9b5b76aaac0a8b0d;Teatro Aurora;;Scandicci, Firenze;;;;;;;
rec-6401a4f607694e38800555ec4739fd94;frm-9821443cdb6d48b18f5a09b454328e37;fld-2205a4389d7c4a6c9d88971242e65eb3;rec-f46f6eb97a1847dcaedf81fc7372f0f1;Manila;Campi Bisenzio, Firenze;;;;;;;;
rec-67643c2b117a4640803568513ed51a5d;frm-9821443cdb6d48b18f5a09b454328e37;fld-2205a4389d7c4a6c9d88971242e65eb3;rec-4740f5e89bfa49a392582f73da898511;Tenax;Firenze;Via Pratese;;;;;;;
rec-c6e42e939ff844dda51a2c73d0494a79;frm-9821443cdb6d48b18f5a09b454328e37;fld-2205a4389d7c4a6c9d88971242e65eb3;rec-51545b215dc54844b64453b3653f543d;Teatro Apollo - Firenze;;;;;;;;;
rec-67643c2b117a4640803568513ed51a5d;frm-9821443cdb6d48b18f5a09b454328e37;fld-2205a4389d7c4a6c9d88971242e65eb3;rec-da2efaa7db764dc3b3fa8347e716ac75;Tenax;Firenze;Via Pratese;;;;;;;
rec-7a135273c35f47df843d3d1ad2f64cdc;frm-9821443cdb6d48b18f5a09b454328e37;fld-2205a4389d7c4a6c9d88971242e65eb3;rec-4341fbe02f104a0fa6e0709ea1b4121c;Piazza S. Spirito;Firenze;;;;;;;;
rec-7a135273c35f47df843d3d1ad2f64cdc;frm-9821443cdb6d48b18f5a09b454328e37;fld-2205a4389d7c4a6c9d88971242e65eb3;rec-5719d748f7f64167a4923a9248230f65;Piazza S. Spirito;Firenze;;;;;;;;
rec-2d149636fe774cb8b115ce59dcb7749d;frm-9821443cdb6d48b18f5a09b454328e37;fld-2205a4389d7c4a6c9d88971242e65eb3;rec-66cf5c9a07cd48c8a77bd5ce1406178d;Spazio Uno;Firenze;;;;;;;;
rec-67643c2b117a4640803568513ed51a5d;frm-9821443cdb6d48b18f5a09b454328e37;fld-2205a4389d7c4a6c9d88971242e65eb3;rec-2ca5fd5adb1a47ab9de0f54af4f3a0f2;Tenax;Firenze;Via Pratese;;;;;;;
rec-c493afae75504855b555bae114a7267d;frm-9821443cdb6d48b18f5a09b454328e37;fld-2205a4389d7c4a6c9d88971242e65eb3;rec-61f5a5377b1b4168ac13b2780fad37e7;Teatro Affratellamento;Firenze;;;;;;;;
rec-6401a4f607694e38800555ec4739fd94;frm-9821443cdb6d48b18f5a09b454328e37;fld-2205a4389d7c4a6c9d88971242e65eb3;rec-1d271d00629543e2bd421ef51c7bd083;Manila;Campi Bisenzio, Firenze;;;;;;;;
rec-6401a4f607694e38800555ec4739fd94;frm-9821443cdb6d48b18f5a09b454328e37;fld-2205a4389d7c4a6c9d88971242e65eb3;rec-804e7fc768d648dcbbf83dab27e33441;Manila;Campi Bisenzio, Firenze;;;;;;;;
rec-fbb79c258be74ec2a1206e7e51774e37;frm-9821443cdb6d48b18f5a09b454328e37;fld-2205a4389d7c4a6c9d88971242e65eb3;rec-13c7e28234e9484b8b95d42772eb9f22;G.I.A.C.H.I.;S. Giovanni Valdarno, Arezzo;;;;;;;;
rec-6401a4f607694e38800555ec4739fd94;frm-9821443cdb6d48b18f5a09b454328e37;fld-2205a4389d7c4a6c9d88971242e65eb3;rec-ea3dc17e61144f52a64a8670f136ee15;Manila;Campi Bisenzio, Firenze;;;;;;;;
rec-6401a4f607694e38800555ec4739fd94;frm-9821443cdb6d48b18f5a09b454328e37;fld-2205a4389d7c4a6c9d88971242e65eb3;rec-2a1efe56c1324d3bb1d044b562015373;Manila;Campi Bisenzio, Firenze;;;;;;;;
rec-6401a4f607694e38800555ec4739fd94;frm-9821443cdb6d48b18f5a09b454328e37;fld-2205a4389d7c4a6c9d88971242e65eb3;rec-1a939888c7d34982bc99767dcda2042b;Manila;Campi Bisenzio, Firenze;;;;;;;;
rec-67643c2b117a4640803568513ed51a5d;frm-9821443cdb6d48b18f5a09b454328e37;fld-2205a4389d7c4a6c9d88971242e65eb3;rec-624cb2e375a7473381e758df21bc1901;Tenax;Firenze;Via Pratese;;;;;;;
rec-6401a4f607694e38800555ec4739fd94;frm-9821443cdb6d48b18f5a09b454328e37;fld-2205a4389d7c4a6c9d88971242e65eb3;rec-f0bbd5a71c2b4e63b0e60a374cc93c4d;Manila;Campi Bisenzio, Firenze;;;;;;;;
rec-6401a4f607694e38800555ec4739fd94;frm-9821443cdb6d48b18f5a09b454328e37;fld-2205a4389d7c4a6c9d88971242e65eb3;rec-8c3a2f9d530c402f95d7982ab7f52c9e;Manila;Campi Bisenzio, Firenze;;;;;;;;
rec-6401a4f607694e38800555ec4739fd94;frm-9821443cdb6d48b18f5a09b454328e37;fld-2205a4389d7c4a6c9d88971242e65eb3;rec-e232181e8a2e4a429170f7f90ade8ebe;Manila;Campi Bisenzio, Firenze;;;;;;;;
rec-6401a4f607694e38800555ec4739fd94;frm-9821443cdb6d48b18f5a09b454328e37;fld-2205a4389d7c4a6c9d88971242e65eb3;rec-c50c1c77f0e24c40bdb655621a7310ae;Manila;Campi Bisenzio, Firenze;;;;;;;;
rec-6401a4f607694e38800555ec4739fd94;frm-9821443cdb6d48b18f5a09b454328e37;fld-2205a4389d7c4a6c9d88971242e65eb3;rec-ebe67b0324484b6287b71569e9a0e63f;Manila;Campi Bisenzio, Firenze;;;;;;;;
rec-6401a4f607694e38800555ec4739fd94;frm-9821443cdb6d48b18f5a09b454328e37;fld-2205a4389d7c4a6c9d88971242e65eb3;rec-11b7bf0c178c4d6d9f9fa8fb0319cab1;Manila;Campi Bisenzio, Firenze;;;;;;;;
rec-42adaa8fea184525813793356a82f3f6;frm-9821443cdb6d48b18f5a09b454328e37;fld-2205a4389d7c4a6c9d88971242e65eb3;rec-4d6279d8ef20462da78900d1443eb09f;Discoteca Stryx;Porto S. Stefano, Firenze;;;;;;;;
rec-7eb36a07ce744bee96c6960e20f10af0;frm-9821443cdb6d48b18f5a09b454328e37;fld-2205a4389d7c4a6c9d88971242e65eb3;rec-bae2a7002fec423ab806b92e8245516a;Teatro Variety;Firenze;;;;;;;;
rec-6401a4f607694e38800555ec4739fd94;frm-9821443cdb6d48b18f5a09b454328e37;fld-2205a4389d7c4a6c9d88971242e65eb3;rec-44a855082b364b5dab28a392181f9968;Manila;Campi Bisenzio, Firenze;;;;;;;;
rec-6401a4f607694e38800555ec4739fd94;frm-9821443cdb6d48b18f5a09b454328e37;fld-2205a4389d7c4a6c9d88971242e65eb3;rec-4d0b35c228d8492eb2ae8472db4efe8c;Manila;Campi Bisenzio, Firenze;;;;;;;;
rec-67643c2b117a4640803568513ed51a5d;frm-9821443cdb6d48b18f5a09b454328e37;fld-2205a4389d7c4a6c9d88971242e65eb3;rec-db0adb4ca21345b29944a969e7057362;Tenax;Firenze;Via Pratese;;;;;;;
rec-6401a4f607694e38800555ec4739fd94;frm-9821443cdb6d48b18f5a09b454328e37;fld-2205a4389d7c4a6c9d88971242e65eb3;rec-24ac1d4d31684782bab5d382a4cc920a;Manila;Campi Bisenzio, Firenze;;;;;;;;
rec-67643c2b117a4640803568513ed51a5d;frm-9821443cdb6d48b18f5a09b454328e37;fld-2205a4389d7c4a6c9d88971242e65eb3;rec-0e8fef225e094af491b8cf9eb4538772;Tenax;Firenze;Via Pratese;;;;;;;
rec-6401a4f607694e38800555ec4739fd94;frm-9821443cdb6d48b18f5a09b454328e37;fld-2205a4389d7c4a6c9d88971242e65eb3;rec-76064b5e0cb84ffd8dd5c99068829237;Manila;Campi Bisenzio, Firenze;;;;;;;;
rec-6401a4f607694e38800555ec4739fd94;frm-9821443cdb6d48b18f5a09b454328e37;fld-2205a4389d7c4a6c9d88971242e65eb3;rec-210459a7edbb4483ab5b44aa55c5db95;Manila;Campi Bisenzio, Firenze;;;;;;;;
rec-0c067ed8e61d4be5be670b11b5b64f9b;frm-9821443cdb6d48b18f5a09b454328e37;fld-2205a4389d7c4a6c9d88971242e65eb3;rec-d5d0d660e0174d708777ab3b792d7059;Salt Peanuts;Firenze;;;;;;;;
rec-5fec491759714aaab534d149d71ca3ba;frm-9821443cdb6d48b18f5a09b454328e37;fld-2205a4389d7c4a6c9d88971242e65eb3;rec-1189436cb0454e899eb30b0174878d14;Parco S. Salvi;Firenze;;;;;;;;
rec-235aaf4ff80947559814ddfd37eaa899;frm-9821443cdb6d48b18f5a09b454328e37;fld-2205a4389d7c4a6c9d88971242e65eb3;rec-d965e36022194fd5b9b6a040b9ec1042;Porta Romana, Firenze;;;;;;;;;
rec-235aaf4ff80947559814ddfd37eaa899;frm-9821443cdb6d48b18f5a09b454328e37;fld-2205a4389d7c4a6c9d88971242e65eb3;rec-1d77edba14364e1480a2f1b0ac863b0c;Porta Romana, Firenze;;;;;;;;;
rec-235aaf4ff80947559814ddfd37eaa899;frm-9821443cdb6d48b18f5a09b454328e37;fld-2205a4389d7c4a6c9d88971242e65eb3;rec-d856ea9e4fc7468fab75cc6a8fa571d6;Porta Romana, Firenze;;;;;;;;;
rec-67643c2b117a4640803568513ed51a5d;frm-9821443cdb6d48b18f5a09b454328e37;fld-2205a4389d7c4a6c9d88971242e65eb3;rec-b01f9e1dd0924ed6afc722e9800a57e4;Tenax;Firenze;Via Pratese;;;;;;;
rec-67643c2b117a4640803568513ed51a5d;frm-9821443cdb6d48b18f5a09b454328e37;fld-2205a4389d7c4a6c9d88971242e65eb3;rec-f174e9b4730d476ba05e3cca90416241;Tenax;Firenze;Via Pratese;;;;;;;
rec-6401a4f607694e38800555ec4739fd94;frm-9821443cdb6d48b18f5a09b454328e37;fld-2205a4389d7c4a6c9d88971242e65eb3;rec-9389a9821720431e89a9d9c74b9fea8e;Manila;Campi Bisenzio, Firenze;;;;;;;;
rec-6401a4f607694e38800555ec4739fd94;frm-9821443cdb6d48b18f5a09b454328e37;fld-2205a4389d7c4a6c9d88971242e65eb3;rec-beef09fd9c974f798db4e0cd37e85445;Manila;Campi Bisenzio, Firenze;;;;;;;;
rec-c6e42e939ff844dda51a2c73d0494a79;frm-9821443cdb6d48b18f5a09b454328e37;fld-2205a4389d7c4a6c9d88971242e65eb3;rec-e2a2d265bfaf40eeb3146716ae3967ed;Teatro Apollo - Firenze;;;;;;;;;
rec-6401a4f607694e38800555ec4739fd94;frm-9821443cdb6d48b18f5a09b454328e37;fld-2205a4389d7c4a6c9d88971242e65eb3;rec-5da227e25cd24854808e0015862663da;Manila;Campi Bisenzio, Firenze;;;;;;;;
rec-5c77ace40ba043488ce8a45cbf384d5c;frm-9821443cdb6d48b18f5a09b454328e37;fld-2205a4389d7c4a6c9d88971242e65eb3;rec-8db137bad6404abb9846ef2d35a2f808;Samantha;Dicomano, Firenze;;;;;;;;
rec-6401a4f607694e38800555ec4739fd94;frm-9821443cdb6d48b18f5a09b454328e37;fld-2205a4389d7c4a6c9d88971242e65eb3;rec-5f5345055cff4ca680cfe4a03bdfd0f2;Manila;Campi Bisenzio, Firenze;;;;;;;;
rec-6401a4f607694e38800555ec4739fd94;frm-9821443cdb6d48b18f5a09b454328e37;fld-2205a4389d7c4a6c9d88971242e65eb3;rec-82179d2a9c034657a2726fb619fdcb74;Manila;Campi Bisenzio, Firenze;;;;;;;;
rec-6401a4f607694e38800555ec4739fd94;frm-9821443cdb6d48b18f5a09b454328e37;fld-2205a4389d7c4a6c9d88971242e65eb3;rec-710b2b0824544df4ab74d53cd0aa5df9;Manila;Campi Bisenzio, Firenze;;;;;;;;
rec-67643c2b117a4640803568513ed51a5d;frm-9821443cdb6d48b18f5a09b454328e37;fld-2205a4389d7c4a6c9d88971242e65eb3;rec-72cd709741c34436898ad642fb45969c;Tenax;Firenze;Via Pratese;;;;;;;
rec-df0a896974c34be6b6011140e4a23e30;frm-9821443cdb6d48b18f5a09b454328e37;fld-2205a4389d7c4a6c9d88971242e65eb3;rec-ff9374fa618e447ba3b97e9727e20dca;Teatro di Rifredi;Firenze;;;;;;;;
rec-67643c2b117a4640803568513ed51a5d;frm-9821443cdb6d48b18f5a09b454328e37;fld-2205a4389d7c4a6c9d88971242e65eb3;rec-1196623389354fada3195a457f7f1ee7;Tenax;Firenze;Via Pratese;;;;;;;
rec-6401a4f607694e38800555ec4739fd94;frm-9821443cdb6d48b18f5a09b454328e37;fld-2205a4389d7c4a6c9d88971242e65eb3;rec-98bbe057d023441595c6f6dbf7217daa;Manila;Campi Bisenzio, Firenze;;;;;;;;
rec-67643c2b117a4640803568513ed51a5d;frm-9821443cdb6d48b18f5a09b454328e37;fld-2205a4389d7c4a6c9d88971242e65eb3;rec-f502a5b2259e479d99f82badbafbea91;Tenax;Firenze;Via Pratese;;;;;;;
rec-67643c2b117a4640803568513ed51a5d;frm-9821443cdb6d48b18f5a09b454328e37;fld-2205a4389d7c4a6c9d88971242e65eb3;rec-a6c2103d31fb41b3bdc414caefbb6349;Tenax;Firenze;Via Pratese;;;;;;;
rec-67643c2b117a4640803568513ed51a5d;frm-9821443cdb6d48b18f5a09b454328e37;fld-2205a4389d7c4a6c9d88971242e65eb3;rec-29cd2d36c9534662b09e321167a8406e;Tenax;Firenze;Via Pratese;;;;;;;
rec-6401a4f607694e38800555ec4739fd94;frm-9821443cdb6d48b18f5a09b454328e37;fld-2205a4389d7c4a6c9d88971242e65eb3;rec-4912af94b40e43c9be1d04872c601bcd;Manila;Campi Bisenzio, Firenze;;;;;;;;
rec-67643c2b117a4640803568513ed51a5d;frm-9821443cdb6d48b18f5a09b454328e37;fld-2205a4389d7c4a6c9d88971242e65eb3;rec-7e9549b2ebf342888b1ca5b574da596a;Tenax;Firenze;Via Pratese;;;;;;;
rec-6d80ad64a5874e6c924acdd18cd3c92f;frm-9821443cdb6d48b18f5a09b454328e37;fld-2205a4389d7c4a6c9d88971242e65eb3;rec-28804f9f0a0c46d6939e47de8d7f9663;Motovelodromo;Firenze;;;;;;;;
rec-6d80ad64a5874e6c924acdd18cd3c92f;frm-9821443cdb6d48b18f5a09b454328e37;fld-2205a4389d7c4a6c9d88971242e65eb3;rec-f01b0239405a4c9292586628527b86ec;Motovelodromo;Firenze;;;;;;;;
rec-6d80ad64a5874e6c924acdd18cd3c92f;frm-9821443cdb6d48b18f5a09b454328e37;fld-2205a4389d7c4a6c9d88971242e65eb3;rec-70c71620f2fe4f02a6fd4d451e84384f;Motovelodromo;Firenze;;;;;;;;
rec-6401a4f607694e38800555ec4739fd94;frm-9821443cdb6d48b18f5a09b454328e37;fld-2205a4389d7c4a6c9d88971242e65eb3;rec-19214c5e72c54a53a6f39003ec4a312c;Manila;Campi Bisenzio, Firenze;;;;;;;;
rec-eb33762124ed43fba22f8b57051e5ebe;frm-9821443cdb6d48b18f5a09b454328e37;fld-2205a4389d7c4a6c9d88971242e65eb3;rec-588e9b25a833480eadcd4fa4c3bacb54;Teatro Fabbricone;Prato;;;;;;;;
rec-6401a4f607694e38800555ec4739fd94;frm-9821443cdb6d48b18f5a09b454328e37;fld-2205a4389d7c4a6c9d88971242e65eb3;rec-2e9d6443eb4e42f9b5978b30ee8ee210;Manila;Campi Bisenzio, Firenze;;;;;;;;
rec-aa5758cf06444e4e8372a60e3edf4724;frm-9821443cdb6d48b18f5a09b454328e37;fld-2205a4389d7c4a6c9d88971242e65eb3;rec-e8a7b75b4f0c442682b29773cbe5acc4;Teatro Tenda;Firenze;Lungarno Aldo Moro;;;;;;;
rec-6401a4f607694e38800555ec4739fd94;frm-9821443cdb6d48b18f5a09b454328e37;fld-2205a4389d7c4a6c9d88971242e65eb3;rec-37bb13457df44f53a4fed30ae0e8ce77;Manila;Campi Bisenzio, Firenze;;;;;;;;
rec-6401a4f607694e38800555ec4739fd94;frm-9821443cdb6d48b18f5a09b454328e37;fld-2205a4389d7c4a6c9d88971242e65eb3;rec-3d734599a936400a90da2877079abda3;Manila;Campi Bisenzio, Firenze;;;;;;;;
rec-6401a4f607694e38800555ec4739fd94;frm-9821443cdb6d48b18f5a09b454328e37;fld-2205a4389d7c4a6c9d88971242e65eb3;rec-560b0e7b847347fe8a5044fae0beabff;Manila;Campi Bisenzio, Firenze;;;;;;;;
rec-67643c2b117a4640803568513ed51a5d;frm-9821443cdb6d48b18f5a09b454328e37;fld-2205a4389d7c4a6c9d88971242e65eb3;rec-ae7fbbf4e4794a75b9f1d61de43de305;Tenax;Firenze;Via Pratese;;;;;;;
rec-67643c2b117a4640803568513ed51a5d;frm-9821443cdb6d48b18f5a09b454328e37;fld-2205a4389d7c4a6c9d88971242e65eb3;rec-050e9eec9e884214964f0a5d74648849;Tenax;Firenze;Via Pratese;;;;;;;
rec-6401a4f607694e38800555ec4739fd94;frm-9821443cdb6d48b18f5a09b454328e37;fld-2205a4389d7c4a6c9d88971242e65eb3;rec-d1e257ae734b4209b9d4b935436ecb41;Manila;Campi Bisenzio, Firenze;;;;;;;;
rec-6401a4f607694e38800555ec4739fd94;frm-9821443cdb6d48b18f5a09b454328e37;fld-2205a4389d7c4a6c9d88971242e65eb3;rec-68d873e1e10642e880577a4415ab283b;Manila;Campi Bisenzio, Firenze;;;;;;;;
rec-6401a4f607694e38800555ec4739fd94;frm-9821443cdb6d48b18f5a09b454328e37;fld-2205a4389d7c4a6c9d88971242e65eb3;rec-0ed621a8ba4c474aa58474d5770350e2;Manila;Campi Bisenzio, Firenze;;;;;;;;
rec-6401a4f607694e38800555ec4739fd94;frm-9821443cdb6d48b18f5a09b454328e37;fld-2205a4389d7c4a6c9d88971242e65eb3;rec-24a0308cf4874143a420ed97ee9cda23;Manila;Campi Bisenzio, Firenze;;;;;;;;
rec-6401a4f607694e38800555ec4739fd94;frm-9821443cdb6d48b18f5a09b454328e37;fld-2205a4389d7c4a6c9d88971242e65eb3;rec-bb5951088d68492a8aef290c1675583d;Manila;Campi Bisenzio, Firenze;;;;;;;;
rec-67643c2b117a4640803568513ed51a5d;frm-9821443cdb6d48b18f5a09b454328e37;fld-2205a4389d7c4a6c9d88971242e65eb3;rec-a926667e89fd489a98db886f1f69e2d7;Tenax;Firenze;Via Pratese;;;;;;;
rec-4153c7e2bf4444909083b26162414e2b;frm-9821443cdb6d48b18f5a09b454328e37;fld-2205a4389d7c4a6c9d88971242e65eb3;rec-5753ab5ceaa0461a89ac00a1de97f63b;Palazzo Gaddi;Firenze;;;;;;;;
rec-67643c2b117a4640803568513ed51a5d;frm-9821443cdb6d48b18f5a09b454328e37;fld-2205a4389d7c4a6c9d88971242e65eb3;rec-dcdf298eb01b41bebbeb17ae2769aa8b;Tenax;Firenze;Via Pratese;;;;;;;
rec-aa5758cf06444e4e8372a60e3edf4724;frm-9821443cdb6d48b18f5a09b454328e37;fld-2205a4389d7c4a6c9d88971242e65eb3;rec-b330ced303b6473ba1d6185152e3d85f;Teatro Tenda;Firenze;Lungarno Aldo Moro;;;;;;;
rec-67643c2b117a4640803568513ed51a5d;frm-9821443cdb6d48b18f5a09b454328e37;fld-2205a4389d7c4a6c9d88971242e65eb3;rec-edaf9078ef664b95b0b5af921872b6db;Tenax;Firenze;Via Pratese;;;;;;;
rec-6401a4f607694e38800555ec4739fd94;frm-9821443cdb6d48b18f5a09b454328e37;fld-2205a4389d7c4a6c9d88971242e65eb3;rec-8ecaefeeb62246a6a1121f22b4a4da92;Manila;Campi Bisenzio, Firenze;;;;;;;;
rec-67643c2b117a4640803568513ed51a5d;frm-9821443cdb6d48b18f5a09b454328e37;fld-2205a4389d7c4a6c9d88971242e65eb3;rec-f53c30661adf4b6f95c4a4da72d9ebb1;Tenax;Firenze;Via Pratese;;;;;;;
rec-67643c2b117a4640803568513ed51a5d;frm-9821443cdb6d48b18f5a09b454328e37;fld-2205a4389d7c4a6c9d88971242e65eb3;rec-1e9f7cb65a3f4a3d9930d06fd84e5ecc;Tenax;Firenze;Via Pratese;;;;;;;
rec-67643c2b117a4640803568513ed51a5d;frm-9821443cdb6d48b18f5a09b454328e37;fld-2205a4389d7c4a6c9d88971242e65eb3;rec-be0e56729aaa4a0ba3b8c6732d993b96;Tenax;Firenze;Via Pratese;;;;;;;
rec-67643c2b117a4640803568513ed51a5d;frm-9821443cdb6d48b18f5a09b454328e37;fld-2205a4389d7c4a6c9d88971242e65eb3;rec-7e6843fa6eed484ba4e2f3cac465f33d;Tenax;Firenze;Via Pratese;;;;;;;
rec-af7bf7bb27404f58af2f0ff77a1e030a;frm-9821443cdb6d48b18f5a09b454328e37;fld-2205a4389d7c4a6c9d88971242e65eb3;rec-49dffb262754403cada71564126c5b5b;Luisa;Firenze;Via Roma;;;;;;;
rec-67643c2b117a4640803568513ed51a5d;frm-9821443cdb6d48b18f5a09b454328e37;fld-2205a4389d7c4a6c9d88971242e65eb3;rec-92833a59d4b34c04a90253defa5fbfc5;Tenax;Firenze;Via Pratese;;;;;;;
rec-aa5758cf06444e4e8372a60e3edf4724;frm-9821443cdb6d48b18f5a09b454328e37;fld-2205a4389d7c4a6c9d88971242e65eb3;rec-6e4617e5ed594e4a929adaecb7b57d14;Teatro Tenda;Firenze;Lungarno Aldo Moro;;;;;;;
rec-67643c2b117a4640803568513ed51a5d;frm-9821443cdb6d48b18f5a09b454328e37;fld-2205a4389d7c4a6c9d88971242e65eb3;rec-66a3cd34159f42f1b15064b151c36f72;Tenax;Firenze;Via Pratese;;;;;;;
rec-67643c2b117a4640803568513ed51a5d;frm-9821443cdb6d48b18f5a09b454328e37;fld-2205a4389d7c4a6c9d88971242e65eb3;rec-48783db719424b90a60a2c3d85eff47d;Tenax;Firenze;Via Pratese;;;;;;;
rec-7e435ea211c14920bb0b79e821551dd7;frm-9821443cdb6d48b18f5a09b454328e37;fld-2205a4389d7c4a6c9d88971242e65eb3;rec-a2e3866f05534b2fa6d5ea1bdb9c5434;;Pisa;;;;;;;;
rec-d9abf783143d43a7ac42c5a123870da4;frm-9821443cdb6d48b18f5a09b454328e37;fld-2205a4389d7c4a6c9d88971242e65eb3;rec-03d3106262914abfbe666794320d3fea;Parco delle Cascine;Firenze;;;;;;;;
rec-af7bf7bb27404f58af2f0ff77a1e030a;frm-9821443cdb6d48b18f5a09b454328e37;fld-2205a4389d7c4a6c9d88971242e65eb3;rec-1edba4cbb2bd47bfad04c4467cbe6cc7;Luisa;Firenze;Via Roma;;;;;;;
rec-6d5ec1cbe80246adb0d71c067ebcda60;frm-9821443cdb6d48b18f5a09b454328e37;fld-2205a4389d7c4a6c9d88971242e65eb3;rec-d0128932a68f4bc7b5a40fd30b0b2a1b;Palazzo dei Congressi;Firenze;;;;;;;;
rec-9da020f9c19946d2b71a3ea90db0ef5d;frm-9821443cdb6d48b18f5a09b454328e37;fld-2205a4389d7c4a6c9d88971242e65eb3;rec-6add345178ed4c6fbe6508a8f3f19719;Teatro Masaccio;S. Giovanni Valdarno, Arezzo;;;;;;;;
rec-34537b5911b149699cb29d554054b92c;frm-9821443cdb6d48b18f5a09b454328e37;fld-2205a4389d7c4a6c9d88971242e65eb3;rec-7ccf4feb7b1042c0905e39917d778813;Palasport;Scandicci, Firenze;;;;;;;;
rec-a740169a67534b3b9476bec380a77238;frm-9821443cdb6d48b18f5a09b454328e37;fld-2205a4389d7c4a6c9d88971242e65eb3;rec-6276a89478f54c48a2af26efdb337952;Palasport;Firenze;;;;;;;;
rec-a740169a67534b3b9476bec380a77238;frm-9821443cdb6d48b18f5a09b454328e37;fld-2205a4389d7c4a6c9d88971242e65eb3;rec-c3d5451c01f34e489008dd4bb416b5e3;Palasport;Firenze;;;;;;;;
rec-a740169a67534b3b9476bec380a77238;frm-9821443cdb6d48b18f5a09b454328e37;fld-2205a4389d7c4a6c9d88971242e65eb3;rec-79431ba8d45c4aa6bd37cd3e33c488c5;Palasport;Firenze;;;;;;;;
rec-67643c2b117a4640803568513ed51a5d;frm-9821443cdb6d48b18f5a09b454328e37;fld-2205a4389d7c4a6c9d88971242e65eb3;rec-ee2f086a53ad4efeb52e332f2f6424d4;Tenax;Firenze;Via Pratese;;;;;;;
rec-6401a4f607694e38800555ec4739fd94;frm-9821443cdb6d48b18f5a09b454328e37;fld-2205a4389d7c4a6c9d88971242e65eb3;rec-a658da50d18949e893786d41e2e2426e;Manila;Campi Bisenzio, Firenze;;;;;;;;
rec-6401a4f607694e38800555ec4739fd94;frm-9821443cdb6d48b18f5a09b454328e37;fld-2205a4389d7c4a6c9d88971242e65eb3;rec-596303fd6a9c484e8c25888a6386051a;Manila;Campi Bisenzio, Firenze;;;;;;;;
rec-6401a4f607694e38800555ec4739fd94;frm-9821443cdb6d48b18f5a09b454328e37;fld-2205a4389d7c4a6c9d88971242e65eb3;rec-4c634bf762df45bc9955671b09b2ad94;Manila;Campi Bisenzio, Firenze;;;;;;;;
rec-6401a4f607694e38800555ec4739fd94;frm-9821443cdb6d48b18f5a09b454328e37;fld-2205a4389d7c4a6c9d88971242e65eb3;rec-7d0bbc8eba7c4ca1a58256531a3a0a06;Manila;Campi Bisenzio, Firenze;;;;;;;;
rec-6401a4f607694e38800555ec4739fd94;frm-9821443cdb6d48b18f5a09b454328e37;fld-2205a4389d7c4a6c9d88971242e65eb3;rec-e884f37c7dd14301aea8c6e8d0a4547e;Manila;Campi Bisenzio, Firenze;;;;;;;;
rec-6401a4f607694e38800555ec4739fd94;frm-9821443cdb6d48b18f5a09b454328e37;fld-2205a4389d7c4a6c9d88971242e65eb3;rec-e6e0d8aa13754be78aef6780ffc15511;Manila;Campi Bisenzio, Firenze;;;;;;;;
rec-bd8d469d3eb449ea9f6c0173e6c36b0b;frm-9821443cdb6d48b18f5a09b454328e37;fld-2205a4389d7c4a6c9d88971242e65eb3;rec-8a9614da752a438f95d8608f709a6b59;Dildo;Firenze;;;;;;;;
rec-aa5758cf06444e4e8372a60e3edf4724;frm-9821443cdb6d48b18f5a09b454328e37;fld-2205a4389d7c4a6c9d88971242e65eb3;rec-6c54affbc31c4524aae3c05b2aff4ead;Teatro Tenda;Firenze;Lungarno Aldo Moro;;;;;;;
rec-6401a4f607694e38800555ec4739fd94;frm-9821443cdb6d48b18f5a09b454328e37;fld-2205a4389d7c4a6c9d88971242e65eb3;rec-d974c55460ab400b9b1423c39c40f999;Manila;Campi Bisenzio, Firenze;;;;;;;;
rec-6401a4f607694e38800555ec4739fd94;frm-9821443cdb6d48b18f5a09b454328e37;fld-2205a4389d7c4a6c9d88971242e65eb3;rec-1263c80563ca4cdd82b5cee84610deca;Manila;Campi Bisenzio, Firenze;;;;;;;;
rec-6401a4f607694e38800555ec4739fd94;frm-9821443cdb6d48b18f5a09b454328e37;fld-2205a4389d7c4a6c9d88971242e65eb3;rec-30ec1574f68d4f8186ffaaf89ba8b7be;Manila;Campi Bisenzio, Firenze;;;;;;;;
rec-aa5758cf06444e4e8372a60e3edf4724;frm-9821443cdb6d48b18f5a09b454328e37;fld-2205a4389d7c4a6c9d88971242e65eb3;rec-9c50de6a9d6345099757a6a2ddc9c969;Teatro Tenda;Firenze;Lungarno Aldo Moro;;;;;;;
rec-aa5758cf06444e4e8372a60e3edf4724;frm-9821443cdb6d48b18f5a09b454328e37;fld-2205a4389d7c4a6c9d88971242e65eb3;rec-d0e0ee3242d7494f9fc05044f7511cdb;Teatro Tenda;Firenze;Lungarno Aldo Moro;;;;;;;
rec-6401a4f607694e38800555ec4739fd94;frm-9821443cdb6d48b18f5a09b454328e37;fld-2205a4389d7c4a6c9d88971242e65eb3;rec-6ec93ca41e0d4f21b1799059d8ec0887;Manila;Campi Bisenzio, Firenze;;;;;;;;
rec-6401a4f607694e38800555ec4739fd94;frm-9821443cdb6d48b18f5a09b454328e37;fld-2205a4389d7c4a6c9d88971242e65eb3;rec-34ef1da26ea34da5bffffc30781089c6;Manila;Campi Bisenzio, Firenze;;;;;;;;
rec-6401a4f607694e38800555ec4739fd94;frm-9821443cdb6d48b18f5a09b454328e37;fld-2205a4389d7c4a6c9d88971242e65eb3;rec-211aa74320004bffb0533b3625b12f91;Manila;Campi Bisenzio, Firenze;;;;;;;;
rec-67643c2b117a4640803568513ed51a5d;frm-9821443cdb6d48b18f5a09b454328e37;fld-2205a4389d7c4a6c9d88971242e65eb3;rec-9a1e2bd1a0c6414eb123de4030fadd44;Tenax;Firenze;Via Pratese;;;;;;;
rec-a740169a67534b3b9476bec380a77238;frm-9821443cdb6d48b18f5a09b454328e37;fld-2205a4389d7c4a6c9d88971242e65eb3;rec-55c61e0ed9bc44669e9de19582c79d7c;Palasport;Firenze;;;;;;;;
rec-67643c2b117a4640803568513ed51a5d;frm-9821443cdb6d48b18f5a09b454328e37;fld-2205a4389d7c4a6c9d88971242e65eb3;rec-c7c9a3967f9a41e1ab53e2e875d43f7e;Tenax;Firenze;Via Pratese;;;;;;;
rec-6401a4f607694e38800555ec4739fd94;frm-9821443cdb6d48b18f5a09b454328e37;fld-2205a4389d7c4a6c9d88971242e65eb3;rec-047efa554e5e4ba3991787d601379d2b;Manila;Campi Bisenzio, Firenze;;;;;;;;
rec-aa5758cf06444e4e8372a60e3edf4724;frm-9821443cdb6d48b18f5a09b454328e37;fld-2205a4389d7c4a6c9d88971242e65eb3;rec-ef19cf90767e4ed8b5848a7a086010ae;Teatro Tenda;Firenze;Lungarno Aldo Moro;;;;;;;
rec-aa5758cf06444e4e8372a60e3edf4724;frm-9821443cdb6d48b18f5a09b454328e37;fld-2205a4389d7c4a6c9d88971242e65eb3;rec-50468268fb994881ba0de800bdc3dc2c;Teatro Tenda;Firenze;Lungarno Aldo Moro;;;;;;;
rec-aa5758cf06444e4e8372a60e3edf4724;frm-9821443cdb6d48b18f5a09b454328e37;fld-2205a4389d7c4a6c9d88971242e65eb3;rec-0915f0fc5b9b4577a192aaee9501f1dd;Teatro Tenda;Firenze;Lungarno Aldo Moro;;;;;;;
rec-a740169a67534b3b9476bec380a77238;frm-9821443cdb6d48b18f5a09b454328e37;fld-2205a4389d7c4a6c9d88971242e65eb3;rec-86a95b793ffc49a0a7cffb5c0e6a8cfb;Palasport;Firenze;;;;;;;;
rec-6401a4f607694e38800555ec4739fd94;frm-9821443cdb6d48b18f5a09b454328e37;fld-2205a4389d7c4a6c9d88971242e65eb3;rec-4e597b0833e34c15bbeb5b086ddb3a2e;Manila;Campi Bisenzio, Firenze;;;;;;;;
rec-67643c2b117a4640803568513ed51a5d;frm-9821443cdb6d48b18f5a09b454328e37;fld-2205a4389d7c4a6c9d88971242e65eb3;rec-a5eb6adc9dbb48f585a2e9681346e6e4;Tenax;Firenze;Via Pratese;;;;;;;
rec-aa5758cf06444e4e8372a60e3edf4724;frm-9821443cdb6d48b18f5a09b454328e37;fld-2205a4389d7c4a6c9d88971242e65eb3;rec-21446a092c7b4d3e87e20e4168eba6fe;Teatro Tenda;Firenze;Lungarno Aldo Moro;;;;;;;
rec-485ba8b155c9464793ff76f97293f1dd;frm-9821443cdb6d48b18f5a09b454328e37;fld-2205a4389d7c4a6c9d88971242e65eb3;rec-7f4b4fab1dbf435ca653f0683cf5a949;Auditorium FLOG;Firenze;Via M. Mercati, 24b;;;;;;;
rec-67643c2b117a4640803568513ed51a5d;frm-9821443cdb6d48b18f5a09b454328e37;fld-2205a4389d7c4a6c9d88971242e65eb3;rec-2c62dae76258482bab8a813712f95f24;Tenax;Firenze;Via Pratese;;;;;;;
rec-67643c2b117a4640803568513ed51a5d;frm-9821443cdb6d48b18f5a09b454328e37;fld-2205a4389d7c4a6c9d88971242e65eb3;rec-510a967fdece48ce986c696f084799ee;Tenax;Firenze;Via Pratese;;;;;;;
rec-6401a4f607694e38800555ec4739fd94;frm-9821443cdb6d48b18f5a09b454328e37;fld-2205a4389d7c4a6c9d88971242e65eb3;rec-594cf3408f634b55b1a8de3085c67227;Manila;Campi Bisenzio, Firenze;;;;;;;;
rec-c1dbf978d25b47de8e97097f0f79762f;frm-9821443cdb6d48b18f5a09b454328e37;fld-2205a4389d7c4a6c9d88971242e65eb3;rec-d8aebd234ca54b26a88a566550caa005;Teatro Aurora;;Scandicci, Firenze;;;;;;;
rec-6401a4f607694e38800555ec4739fd94;frm-9821443cdb6d48b18f5a09b454328e37;fld-2205a4389d7c4a6c9d88971242e65eb3;rec-6a06c4b56f12419985e09a71de9a324c;Manila;Campi Bisenzio, Firenze;;;;;;;;
rec-6401a4f607694e38800555ec4739fd94;frm-9821443cdb6d48b18f5a09b454328e37;fld-2205a4389d7c4a6c9d88971242e65eb3;rec-5ad568ef7c8c4d7693fa84ee623e6365;Manila;Campi Bisenzio, Firenze;;;;;;;;
rec-c1dbf978d25b47de8e97097f0f79762f;frm-9821443cdb6d48b18f5a09b454328e37;fld-2205a4389d7c4a6c9d88971242e65eb3;rec-790b199724ef45c88d4317a456ff9641;Teatro Aurora;;Scandicci, Firenze;;;;;;;
rec-c1dbf978d25b47de8e97097f0f79762f;frm-9821443cdb6d48b18f5a09b454328e37;fld-2205a4389d7c4a6c9d88971242e65eb3;rec-2102a54c485944bb9f21c1e088a55640;Teatro Aurora;;Scandicci, Firenze;;;;;;;
rec-67643c2b117a4640803568513ed51a5d;frm-9821443cdb6d48b18f5a09b454328e37;fld-2205a4389d7c4a6c9d88971242e65eb3;rec-f51c2b0b764843528e9c5908d7a9fd67;Tenax;Firenze;Via Pratese;;;;;;;
rec-daf0354274c447ddbbea7090090a2307;frm-9821443cdb6d48b18f5a09b454328e37;fld-2205a4389d7c4a6c9d88971242e65eb3;rec-47ebfbe979994d46aad8aee0249dbbbe;Space Electronic;Firenze;;;;;;;;
rec-67643c2b117a4640803568513ed51a5d;frm-9821443cdb6d48b18f5a09b454328e37;fld-2205a4389d7c4a6c9d88971242e65eb3;rec-5c8ba86fc1d04524be7b28b56afaf08a;Tenax;Firenze;Via Pratese;;;;;;;
rec-67643c2b117a4640803568513ed51a5d;frm-9821443cdb6d48b18f5a09b454328e37;fld-2205a4389d7c4a6c9d88971242e65eb3;rec-16865ccdf70f48ebadf051a091dfe64b;Tenax;Firenze;Via Pratese;;;;;;;
rec-c6e42e939ff844dda51a2c73d0494a79;frm-9821443cdb6d48b18f5a09b454328e37;fld-2205a4389d7c4a6c9d88971242e65eb3;rec-f15a10f4d9424a7da1c422e9fb511b10;Teatro Apollo - Firenze;;;;;;;;;
rec-a740169a67534b3b9476bec380a77238;frm-9821443cdb6d48b18f5a09b454328e37;fld-2205a4389d7c4a6c9d88971242e65eb3;rec-1a589ee95ec6467a829b572cda4ae528;Palasport;Firenze;;;;;;;;
rec-c1dbf978d25b47de8e97097f0f79762f;frm-9821443cdb6d48b18f5a09b454328e37;fld-2205a4389d7c4a6c9d88971242e65eb3;rec-5e34e2c786f7463dbd87d872fb01fbae;Teatro Aurora;;Scandicci, Firenze;;;;;;;
rec-67643c2b117a4640803568513ed51a5d;frm-9821443cdb6d48b18f5a09b454328e37;fld-2205a4389d7c4a6c9d88971242e65eb3;rec-58e2aa67d4d34eefb0aae19cac020471;Tenax;Firenze;Via Pratese;;;;;;;
rec-a740169a67534b3b9476bec380a77238;frm-9821443cdb6d48b18f5a09b454328e37;fld-2205a4389d7c4a6c9d88971242e65eb3;rec-e5189eea0d9a4fb4832a5cc21b9ad6fd;Palasport;Firenze;;;;;;;;
rec-574deb8bd4974094934199f230865a54;frm-9821443cdb6d48b18f5a09b454328e37;fld-2205a4389d7c4a6c9d88971242e65eb3;rec-a680ba3e932947debb5c52985404b490;Teatro Comunale;Firenze;;;;;;;;
rec-67643c2b117a4640803568513ed51a5d;frm-9821443cdb6d48b18f5a09b454328e37;fld-2205a4389d7c4a6c9d88971242e65eb3;rec-cfbe332b1ba14a5697626e961aa1c02c;Tenax;Firenze;Via Pratese;;;;;;;
rec-67643c2b117a4640803568513ed51a5d;frm-9821443cdb6d48b18f5a09b454328e37;fld-2205a4389d7c4a6c9d88971242e65eb3;rec-4d4011fef4d44f8886984202bf9fe8dd;Tenax;Firenze;Via Pratese;;;;;;;
rec-f42dc01b3780461eb3f43f08fd5d5486;frm-9821443cdb6d48b18f5a09b454328e37;fld-2205a4389d7c4a6c9d88971242e65eb3;rec-e9366c2598474de6a92b2421e06dbfa2;Monna Lisa;Firenze;;;;;;;;
rec-67643c2b117a4640803568513ed51a5d;frm-9821443cdb6d48b18f5a09b454328e37;fld-2205a4389d7c4a6c9d88971242e65eb3;rec-f05f2ce9ed1c419ea5021c6a00528261;Tenax;Firenze;Via Pratese;;;;;;;
rec-daf0354274c447ddbbea7090090a2307;frm-9821443cdb6d48b18f5a09b454328e37;fld-2205a4389d7c4a6c9d88971242e65eb3;rec-1d92a4dcfb834980bec98f699346160e;Space Electronic;Firenze;;;;;;;;
rec-67643c2b117a4640803568513ed51a5d;frm-9821443cdb6d48b18f5a09b454328e37;fld-2205a4389d7c4a6c9d88971242e65eb3;rec-8fd78ae852b54dacaf9a5f412c0f3e9e;Tenax;Firenze;Via Pratese;;;;;;;
rec-67643c2b117a4640803568513ed51a5d;frm-9821443cdb6d48b18f5a09b454328e37;fld-2205a4389d7c4a6c9d88971242e65eb3;rec-0050982b1eed4cc68a70c24e93accc0f;Tenax;Firenze;Via Pratese;;;;;;;
rec-67643c2b117a4640803568513ed51a5d;frm-9821443cdb6d48b18f5a09b454328e37;fld-2205a4389d7c4a6c9d88971242e65eb3;rec-f16e98c4e29f495d9e2acbe6dc8c9e25;Tenax;Firenze;Via Pratese;;;;;;;
rec-67643c2b117a4640803568513ed51a5d;frm-9821443cdb6d48b18f5a09b454328e37;fld-2205a4389d7c4a6c9d88971242e65eb3;rec-a15afbcdd11441969506d5af376a7c19;Tenax;Firenze;Via Pratese;;;;;;;
rec-a740169a67534b3b9476bec380a77238;frm-9821443cdb6d48b18f5a09b454328e37;fld-2205a4389d7c4a6c9d88971242e65eb3;rec-78bd37dfbc2842bea82e7186ad9940ae;Palasport;Firenze;;;;;;;;
rec-67643c2b117a4640803568513ed51a5d;frm-9821443cdb6d48b18f5a09b454328e37;fld-2205a4389d7c4a6c9d88971242e65eb3;rec-9eb390a9892b49b5b665e66798ef817b;Tenax;Firenze;Via Pratese;;;;;;;
rec-4ca99e266cb5491793a11025a554a8dc;frm-9821443cdb6d48b18f5a09b454328e37;fld-2205a4389d7c4a6c9d88971242e65eb3;rec-28be3300e959435f9b37d1a9d04db401;Eresie;Firenze;;;;;;;;
rec-67643c2b117a4640803568513ed51a5d;frm-9821443cdb6d48b18f5a09b454328e37;fld-2205a4389d7c4a6c9d88971242e65eb3;rec-708aae0309b34591b3b7550f5ce1bb68;Tenax;Firenze;Via Pratese;;;;;;;
rec-d405719bed7d4c5eaa559180020a89f6;frm-9821443cdb6d48b18f5a09b454328e37;fld-2205a4389d7c4a6c9d88971242e65eb3;rec-423ce5e4d7884344851bb35d8166f4e5;Teatro Bucci;S. Giovanni Valdarno, Arezzo;;;;;;;;
rec-67643c2b117a4640803568513ed51a5d;frm-9821443cdb6d48b18f5a09b454328e37;fld-2205a4389d7c4a6c9d88971242e65eb3;rec-6cac707232ed427689ae19f6d835a52e;Tenax;Firenze;Via Pratese;;;;;;;
rec-67643c2b117a4640803568513ed51a5d;frm-9821443cdb6d48b18f5a09b454328e37;fld-2205a4389d7c4a6c9d88971242e65eb3;rec-b4abb9ebd31048fd99d921d0862697df;Tenax;Firenze;Via Pratese;;;;;;;
rec-a740169a67534b3b9476bec380a77238;frm-9821443cdb6d48b18f5a09b454328e37;fld-2205a4389d7c4a6c9d88971242e65eb3;rec-20bb27baea674323bfea5be691212b25;Palasport;Firenze;;;;;;;;
rec-67643c2b117a4640803568513ed51a5d;frm-9821443cdb6d48b18f5a09b454328e37;fld-2205a4389d7c4a6c9d88971242e65eb3;rec-ccf723cf726c424fa10d58ec4b7a4d39;Tenax;Firenze;Via Pratese;;;;;;;
rec-a740169a67534b3b9476bec380a77238;frm-9821443cdb6d48b18f5a09b454328e37;fld-2205a4389d7c4a6c9d88971242e65eb3;rec-9bf5b9670ced436f910e9d0043ff30bf;Palasport;Firenze;;;;;;;;
rec-aa5758cf06444e4e8372a60e3edf4724;frm-9821443cdb6d48b18f5a09b454328e37;fld-2205a4389d7c4a6c9d88971242e65eb3;rec-8d1d53da637b4a6983a7e5332f00ae4a;Teatro Tenda;Firenze;Lungarno Aldo Moro;;;;;;;
rec-67643c2b117a4640803568513ed51a5d;frm-9821443cdb6d48b18f5a09b454328e37;fld-2205a4389d7c4a6c9d88971242e65eb3;rec-0e53084407f341ee93e14bcfd552d1ec;Tenax;Firenze;Via Pratese;;;;;;;
rec-67643c2b117a4640803568513ed51a5d;frm-9821443cdb6d48b18f5a09b454328e37;fld-2205a4389d7c4a6c9d88971242e65eb3;rec-9c89bfad5f4c442d88c1a34d0e22532a;Tenax;Firenze;Via Pratese;;;;;;;
rec-67643c2b117a4640803568513ed51a5d;frm-9821443cdb6d48b18f5a09b454328e37;fld-2205a4389d7c4a6c9d88971242e65eb3;rec-d9e026696e9a4c7c8752342d8039dd13;Tenax;Firenze;Via Pratese;;;;;;;
rec-67643c2b117a4640803568513ed51a5d;frm-9821443cdb6d48b18f5a09b454328e37;fld-2205a4389d7c4a6c9d88971242e65eb3;rec-86e9f3216e4c4c07aeee6d8a61036c26;Tenax;Firenze;Via Pratese;;;;;;;
rec-c1dbf978d25b47de8e97097f0f79762f;frm-9821443cdb6d48b18f5a09b454328e37;fld-2205a4389d7c4a6c9d88971242e65eb3;rec-a4e15b3c5b4b4d8e8337b0b808d39725;Teatro Aurora;;Scandicci, Firenze;;;;;;;
rec-aa5758cf06444e4e8372a60e3edf4724;frm-9821443cdb6d48b18f5a09b454328e37;fld-2205a4389d7c4a6c9d88971242e65eb3;rec-547856df476b444299612593788a59d1;Teatro Tenda;Firenze;Lungarno Aldo Moro;;;;;;;
rec-67643c2b117a4640803568513ed51a5d;frm-9821443cdb6d48b18f5a09b454328e37;fld-2205a4389d7c4a6c9d88971242e65eb3;rec-709c772a5fae4d41ae9dfed821d2a7fd;Tenax;Firenze;Via Pratese;;;;;;;
rec-67643c2b117a4640803568513ed51a5d;frm-9821443cdb6d48b18f5a09b454328e37;fld-2205a4389d7c4a6c9d88971242e65eb3;rec-9a398d72917b43d0a675e83843b00ee0;Tenax;Firenze;Via Pratese;;;;;;;
rec-c1dbf978d25b47de8e97097f0f79762f;frm-9821443cdb6d48b18f5a09b454328e37;fld-2205a4389d7c4a6c9d88971242e65eb3;rec-772a0e6a3fe544f5aabdedb28417ef99;Teatro Aurora;;Scandicci, Firenze;;;;;;;
rec-28fa10baa4a548aba311a082bc5d5b74;frm-9821443cdb6d48b18f5a09b454328e37;fld-2205a4389d7c4a6c9d88971242e65eb3;rec-d8599e79e73849cb88de9c11c8a3535c;Paramatta;Firenze;;;;;;;;
rec-67643c2b117a4640803568513ed51a5d;frm-9821443cdb6d48b18f5a09b454328e37;fld-2205a4389d7c4a6c9d88971242e65eb3;rec-922b5250812d4ef29545efbaf4a96749;Tenax;Firenze;Via Pratese;;;;;;;
rec-478fe135273b4ed89289b0961d9dadba;frm-9821443cdb6d48b18f5a09b454328e37;fld-2205a4389d7c4a6c9d88971242e65eb3;rec-cf377dd65d3c47e280a4a6b80f13decb;Limonaia;Sesto Fiorentino, Firenze;;;;;;;;
rec-339b88276749425db8750e5c3b2b53d0;frm-9821443cdb6d48b18f5a09b454328e37;fld-2205a4389d7c4a6c9d88971242e65eb3;rec-4c857e5d1dc1422e98224f412ddefca4;Festival Nazionale dell'Unità;Campi Bisenzio, Firenze;;;;;;;;
rec-339b88276749425db8750e5c3b2b53d0;frm-9821443cdb6d48b18f5a09b454328e37;fld-2205a4389d7c4a6c9d88971242e65eb3;rec-a07599bbe87846db8337f54013aefd82;Festival Nazionale dell'Unità;Campi Bisenzio, Firenze;;;;;;;;
rec-61b39bf5580c4e998308fec069c3f099;frm-9821443cdb6d48b18f5a09b454328e37;fld-2205a4389d7c4a6c9d88971242e65eb3;rec-25e8d0d154f944dd8bdb0a4386ccb1f4;Teatro Niccolini;Firenze;;;;;;;;
rec-67643c2b117a4640803568513ed51a5d;frm-9821443cdb6d48b18f5a09b454328e37;fld-2205a4389d7c4a6c9d88971242e65eb3;rec-6edabf5f9aaf4aa39abe38b1f471ceaa;Tenax;Firenze;Via Pratese;;;;;;;
rec-9da020f9c19946d2b71a3ea90db0ef5d;frm-9821443cdb6d48b18f5a09b454328e37;fld-2205a4389d7c4a6c9d88971242e65eb3;rec-430de068882048c4bc46d0b1a236e1a3;Teatro Masaccio;S. Giovanni Valdarno, Arezzo;;;;;;;;
rec-8c3eeba98f0544f28d12ced212b58e58;frm-9821443cdb6d48b18f5a09b454328e37;fld-2205a4389d7c4a6c9d88971242e65eb3;rec-cf21d93fc74d40ea91fdd3b523ddb594;Casa del Popolo;Grassina, Firenze;Piazza della Repubblica;;;;;;;
rec-6d06b03e94144113861cf1e141bbf374;frm-9821443cdb6d48b18f5a09b454328e37;fld-2205a4389d7c4a6c9d88971242e65eb3;rec-1c68a11f6b8f47a2858186728399e24e;Teatro della Pergola;Firenze;;;;;;;;
rec-aa5758cf06444e4e8372a60e3edf4724;frm-9821443cdb6d48b18f5a09b454328e37;fld-2205a4389d7c4a6c9d88971242e65eb3;rec-60d442b93019410590d54cd933832f83;Teatro Tenda;Firenze;Lungarno Aldo Moro;;;;;;;
rec-df0a896974c34be6b6011140e4a23e30;frm-9821443cdb6d48b18f5a09b454328e37;fld-2205a4389d7c4a6c9d88971242e65eb3;rec-a110f6cee85145f6b2198225b6f50606;Teatro di Rifredi;Firenze;;;;;;;;
rec-8c3eeba98f0544f28d12ced212b58e58;frm-9821443cdb6d48b18f5a09b454328e37;fld-2205a4389d7c4a6c9d88971242e65eb3;rec-ba31b59a36d1416e8a4373d8347b2a55;Casa del Popolo;Grassina, Firenze;Piazza della Repubblica;;;;;;;
rec-61b39bf5580c4e998308fec069c3f099;frm-9821443cdb6d48b18f5a09b454328e37;fld-2205a4389d7c4a6c9d88971242e65eb3;rec-67bce4d0b6d14eab9ab5d21fe4413296;Teatro Niccolini;Firenze;;;;;;;;
rec-df0a896974c34be6b6011140e4a23e30;frm-9821443cdb6d48b18f5a09b454328e37;fld-2205a4389d7c4a6c9d88971242e65eb3;rec-e0c0892e918248d8a18fedc5e64a29d7;Teatro di Rifredi;Firenze;;;;;;;;
rec-34537b5911b149699cb29d554054b92c;frm-9821443cdb6d48b18f5a09b454328e37;fld-2205a4389d7c4a6c9d88971242e65eb3;rec-b5080a9751994ffb8093e9085ce0355f;Palasport;Scandicci, Firenze;;;;;;;;
rec-0be15b7fafb243b5a918579f8d0592ef;frm-9821443cdb6d48b18f5a09b454328e37;fld-2205a4389d7c4a6c9d88971242e65eb3;rec-946118c423a643978245ea368d5d106d;Teatro;Calenzano, Firenze;;;;;;;;
rec-13c606e60a3d4085a71d44b24c337a07;frm-9821443cdb6d48b18f5a09b454328e37;fld-2205a4389d7c4a6c9d88971242e65eb3;rec-9193b10c201c405ba9e588d8d24944d4;Teatro Metastasio;Prato;;;;;;;;
rec-574deb8bd4974094934199f230865a54;frm-9821443cdb6d48b18f5a09b454328e37;fld-2205a4389d7c4a6c9d88971242e65eb3;rec-d786aed7cfb24cdc8f71fea0618da725;Teatro Comunale;Firenze;;;;;;;;
rec-0be15b7fafb243b5a918579f8d0592ef;frm-9821443cdb6d48b18f5a09b454328e37;fld-2205a4389d7c4a6c9d88971242e65eb3;rec-689da48587e44a32af6d27977175f009;Teatro;Calenzano, Firenze;;;;;;;;
rec-7eb36a07ce744bee96c6960e20f10af0;frm-9821443cdb6d48b18f5a09b454328e37;fld-2205a4389d7c4a6c9d88971242e65eb3;rec-53d64c2fabbc42978876e959cdf0adb0;Teatro Variety;Firenze;;;;;;;;
rec-d66efa1fea76493485b906192b8ac221;frm-9821443cdb6d48b18f5a09b454328e37;fld-2205a4389d7c4a6c9d88971242e65eb3;rec-c2db8239e7e34f20bd05535fbd62f55a;Teatro Tenda;Pisa;;;;;;;;
rec-34537b5911b149699cb29d554054b92c;frm-9821443cdb6d48b18f5a09b454328e37;fld-2205a4389d7c4a6c9d88971242e65eb3;rec-cca94f1e0c0c427b845a4412610243ab;Palasport;Scandicci, Firenze;;;;;;;;
rec-67643c2b117a4640803568513ed51a5d;frm-9821443cdb6d48b18f5a09b454328e37;fld-2205a4389d7c4a6c9d88971242e65eb3;rec-9743664648b9406eb77060f647830994;Tenax;Firenze;Via Pratese;;;;;;;
rec-a740169a67534b3b9476bec380a77238;frm-9821443cdb6d48b18f5a09b454328e37;fld-2205a4389d7c4a6c9d88971242e65eb3;rec-7769886d1767449bb9e062f6a46b4756;Palasport;Firenze;;;;;;;;
rec-823e2e2371e24e2e802aea71b20716df;frm-9821443cdb6d48b18f5a09b454328e37;fld-2205a4389d7c4a6c9d88971242e65eb3;rec-73b2076d43634859bcbf5584df1e9b37;Stadio Comunale;Livorno;;;;;;;;
rec-4103e85c6be0400a9cfde0dffa0db043;frm-9821443cdb6d48b18f5a09b454328e37;fld-2205a4389d7c4a6c9d88971242e65eb3;rec-30b1442ecd554007939594a2aa43657e;Piazza Duomo;Pistoia;;;;;;;;
rec-9130b15bc56c469191759872bdfab2d0;frm-9821443cdb6d48b18f5a09b454328e37;fld-2205a4389d7c4a6c9d88971242e65eb3;rec-16a973d532b3497d9ba889dbe9c97201;Museo Pecci;Prato;;;;;;;;
rec-67643c2b117a4640803568513ed51a5d;frm-9821443cdb6d48b18f5a09b454328e37;fld-2205a4389d7c4a6c9d88971242e65eb3;rec-3bed44a0b490465895437a00ca80d7ca;Tenax;Firenze;Via Pratese;;;;;;;
rec-d405719bed7d4c5eaa559180020a89f6;frm-9821443cdb6d48b18f5a09b454328e37;fld-2205a4389d7c4a6c9d88971242e65eb3;rec-8db390df30064fcab73c777f79d62ed7;Teatro Bucci;S. Giovanni Valdarno, Arezzo;;;;;;;;
rec-485ba8b155c9464793ff76f97293f1dd;frm-9821443cdb6d48b18f5a09b454328e37;fld-2205a4389d7c4a6c9d88971242e65eb3;rec-4d438b6b233d41d1b69b6359b24ffd94;Auditorium FLOG;Firenze;Via M. Mercati, 24b;;;;;;;
rec-34537b5911b149699cb29d554054b92c;frm-9821443cdb6d48b18f5a09b454328e37;fld-2205a4389d7c4a6c9d88971242e65eb3;rec-ce54e76fa64e415f80b0fcb0e58d6425;Palasport;Scandicci, Firenze;;;;;;;;
rec-485ba8b155c9464793ff76f97293f1dd;frm-9821443cdb6d48b18f5a09b454328e37;fld-2205a4389d7c4a6c9d88971242e65eb3;rec-92d4ab8a0fc1484189467d15df8c3166;Auditorium FLOG;Firenze;Via M. Mercati, 24b;;;;;;;
rec-485ba8b155c9464793ff76f97293f1dd;frm-9821443cdb6d48b18f5a09b454328e37;fld-2205a4389d7c4a6c9d88971242e65eb3;rec-16ce7eb8b3614fc1a46c9c00d7fb4800;Auditorium FLOG;Firenze;Via M. Mercati, 24b;;;;;;;
rec-8c3eeba98f0544f28d12ced212b58e58;frm-9821443cdb6d48b18f5a09b454328e37;fld-2205a4389d7c4a6c9d88971242e65eb3;rec-538ee4eb607741afa47a8ba1ff6e8f87;Casa del Popolo;Grassina, Firenze;Piazza della Repubblica;;;;;;;
rec-a740169a67534b3b9476bec380a77238;frm-9821443cdb6d48b18f5a09b454328e37;fld-2205a4389d7c4a6c9d88971242e65eb3;rec-36e8658e30284a7ea39c1e045cb332dd;Palasport;Firenze;;;;;;;;
